X,Y,Z,V_x,V_y,V_z
-45.0,-50.0,0.0,78.97090928492854,50.592837698727394,34.71650137262091
-45.66987298107781,-47.58518543427733,0.6470476127563017,11.903778736499703,33.23458701241695,30.065372119207048
-47.5,-45.81741848131096,1.1207193402100666,-37.19276834280498,-14.189035793100558,17.35825068631046
-50.0,-45.170370868554656,1.2940952255126037,-55.16335181192919,-78.97090928492852,2.1257726141787447e-15
-52.5,-45.81741848131096,1.1207193402100668,-37.19276834280501,-143.75278277675648,-17.35825068631045
-54.33012701892219,-47.58518543427733,0.6470476127563023,11.903778736499646,-191.176405582274,-30.065372119207037
-55.0,-50.0,1.5848095757158823e-16,78.97090928492852,-208.53465626858446,-34.71650137262091
-54.3301270189222,-52.41481456572267,-0.6470476127563015,146.03803983335737,-191.17640558227407,-30.065372119207055
-52.5,-54.18258151868904,-1.1207193402100664,195.13458691266203,-143.7527827767566,-17.358250686310473
-50.0,-54.829629131445344,-1.2940952255126037,213.10517038178625,-78.97090928492855,-5.582839217484173e-15
-47.5,-54.18258151868904,-1.1207193402100675,195.13458691266214,-14.189035793100658,17.358250686310434
-45.66987298107781,-52.41481456572267,-0.6470476127563024,146.03803983335746,33.234587012416895,30.065372119207034
-43.75,-50.0,0.0,78.97090928492854,58.36638784342715,36.799417856216046
-44.29034088973374,-47.54451607471854,0.6579449348067712,21.140266721309878,46.49295467159304,33.617941026438196
-45.81793371025714,-45.51360762748939,1.2021252131433662,-26.690932368164823,12.925679618254776,24.62361678378284
-48.06864378515658,-44.258437179062504,1.53844712116276,-56.252239128123264,-36.531350510744964,11.371645500675655
-50.65330289542283,-43.99603510283644,1.6087575455797847,-62.43223506372753,-93.32656590308866,-3.8465865976545057
-53.125,-44.7717731016387,1.4008991752625837,-44.16234273421124,-147.63955784910635,-18.399708928108016
-55.05635621484342,-46.4515190281179,0.9508126107730135,-4.601592500108879,-190.07911662328993,-29.771354428783674
-56.11342250458628,-48.74482955157311,0.3363219080193944,49.40960252497008,-213.30705696229546,-35.9952622844585
-56.11342250458628,-51.25517044842688,-0.33632190801939327,108.5322160448869,-213.30705696229546,-35.9952622844585
-55.05635621484342,-53.5484809718821,-0.9508126107730132,162.54341106996594,-190.07911662329,-29.771354428783688
-53.125,-55.2282268983613,-1.400899175262583,202.10416130406827,-147.63955784910647,-18.399708928108048
-50.65330289542284,-56.00396489716356,-1.6087575455797847,220.3740536335846,-93.32656590308878,-3.846586597654539
-48.06864378515658,-55.741562820937496,-1.5384471211627602,214.19405769798033,-36.531350510744986,11.37164550067565
-45.81793371025714,-54.48639237251061,-1.2021252131433668,184.63275093802196,12.92567961825472,24.623616783782822
-44.29034088973375,-52.45548392528147,-0.6579449348067724,136.80155184854732,46.492954671592955,33.617941026438174
-42.5,-50.0,0.0,78.97090928492854,62.959064430752036,38.03002183888708
-42.95230534410569,-47.52225432837986,0.6639099517603265,28.715590883370197,54.399639684034426,35.73653089032913
-44.25466667660766,-45.343361352388655,1.2477425650710143,-15.47819442945277,29.753758391991184,29.132686901372825
-46.25,-43.72612772196644,1.6810790103151003,-48.28002391400719,-8.005922427088237,19.015010919443544
-48.69763866749802,-42.865615680768514,1.9116525168313412,-65.73351283101108,-54.325027992885275,6.6038439889563065
-51.302361332501974,-42.865615680768514,1.9116525168313412,-65.73351283101111,-103.6167905769718,-6.603843988956303
-53.75,-43.72612772196644,1.6810790103151005,-48.28002391400722,-149.9358961427688,-19.01501091944353
-55.74533332339234,-45.343361352388655,1.2477425650710148,-15.478194429452785,-187.69557696184825,-29.132686901372818
-57.04769465589431,-47.52225432837986,0.6639099517603269,28.71559088337017,-212.34145825389152,-35.73653089032913
-57.5,-50.0,2.377214363573824e-16,78.97090928492852,-220.9008830006091,-38.03002183888708
-57.04769465589431,-52.47774567162014,-0.6639099517603264,129.22622768648688,-212.34145825389152,-35.73653089032913
-55.74533332339234,-54.656638647611345,-1.2477425650710143,173.42001299930985,-187.69557696184827,-29.13268690137283
-53.75000000000001,-56.27387227803356,-1.6810790103150999,206.22184248386424,-149.9358961427689,-19.01501091944356
-51.30236133250198,-57.134384319231486,-1.9116525168313412,223.67533140086817,-103.6167905769718,-6.603843988956303
-48.697638667498026,-57.134384319231486,-1.9116525168313412,223.67533140086817,-54.32502799288533,6.603843988956291
-46.25,-56.27387227803356,-1.6810790103151003,206.22184248386426,-8.005922427088237,19.015010919443544
-44.25466667660767,-54.656638647611345,-1.2477425650710152,173.42001299930988,29.75375839199114,29.132686901372814
-42.95230534410569,-52.47774567162015,-0.663909951760328,129.226227686487,54.39963968403437,35.736530890329114
-41.25,-50.0,0.0,78.97090928492854,65.24338046345507,38.64210247510732
-41.63873794937127,-47.508773190286476,0.6675222118255004,34.96348452164415,58.836344204389846,36.92534228361387
-42.770410724735044,-45.23890281518479,1.2757321457573279,-5.133687428019783,40.18452871562768,31.927603386025744
-44.54446423373608,-43.392076818684785,1.770587680080307,-37.75779687279477,10.945229655489143,24.09295681560954
-46.80326603679404,-42.13239379523789,2.1081187289320975,-60.01004851996642,-26.283512939981982,14.117545301926913
-49.346111681118785,-41.57178210950526,2.258334177391607,-69.91323215828551,-68.19376191553214,2.887727934340963
-51.94705817211775,-41.76005456996809,2.2078867236535706,-66.58740646208192,-111.06160772958538,-8.598676732796486
-54.375,-42.680482342294184,1.9612588453676165,-50.32808563960894,-151.07805415912037,-19.321051237553668
-56.41420387851098,-44.25128137968161,1.5403645118280702,-22.579981698797525,-184.68746432959006,-28.32666555081739
-57.883477594146164,-46.33287929432047,0.9826020316342794,14.19136455466277,-208.90349465488111,-34.8153313203667
-58.65226972946988,-48.7403169765531,0.3375310488517901,56.718657637756934,-221.57444457029283,-38.210502117536464
-58.65226972946988,-51.2596830234469,-0.3375310488517905,101.22316093210017,-221.57444457029283,-38.210502117536464
-57.88347759414617,-53.66712070567953,-0.982602031634279,143.75045401519426,-208.90349465488111,-34.8153313203667
-56.41420387851098,-55.74871862031839,-1.5403645118280704,180.52180026865463,-184.68746432959006,-28.32666555081739
-54.375,-57.31951765770582,-1.9612588453676172,208.26990420946606,-151.0780541591203,-19.321051237553654
-51.94705817211775,-58.23994543003191,-2.2078867236535706,224.529225031939,-111.06160772958542,-8.598676732796495
-49.346111681118785,-58.42821789049474,-2.258334177391607,227.8550507281426,-68.19376191553211,2.8877279343409716
-46.80326603679404,-57.86760620476211,-2.108118728932097,217.95186708982345,-26.28351293998191,14.117545301926933
-44.54446423373608,-56.607923181315215,-1.7705876800803073,195.69961544265186,10.945229655489115,24.092956815609533
-42.770410724735044,-54.76109718481521,-1.2757321457573276,163.07550599787686,40.18452871562768,31.927603386025744
-41.63873794937127,-52.49122680971352,-0.6675222118254995,122.97833404821287,58.836344204389846,36.92534228361387
-40.0,-50.0,0.0,78.97090928492854,65.88576355259046,38.814228505072556
-40.34074173710932,-47.5,0.6698729810778067,40.15668077985598,60.94989211913723,37.49166574053492
-41.33974596215561,-45.170370868554656,1.2940952255126035,3.987577803858727,46.47864930005416,33.61410791368693
-42.928932188134524,-43.16987298107781,1.830127018922193,-27.07153504751787,23.45822637860232,27.445804182461
-45.0,-41.63483696262192,2.241438680420133,-50.904030561063294,-6.542572866169024,19.40711425253628
-47.41180954897479,-40.66987298107781,2.499999999999999,-65.88576355259046,-41.47924354439358,10.045861558073929
-50.0,-40.34074173710932,2.5881904510252074,-70.99575367721114,-78.97090928492852,2.376686035005553e-15
-52.588190451025206,-40.66987298107781,2.5,-65.88576355259046,-116.46257502546345,-10.045861558073916
-55.0,-41.63483696262192,2.2414386804201336,-50.904030561063294,-151.399245703688,-19.40711425253627
-57.071067811865476,-43.16987298107781,1.8301270189221932,-27.071535047517898,-181.40004494845937,-27.445804182460993
-58.66025403784438,-45.170370868554656,1.2940952255126046,3.9875778038586702,-204.42046786991122,-33.61410791368692
-59.65925826289068,-47.5,0.6698729810778074,40.15668077985593,-218.8917106889943,-37.49166574053492
-60.0,-50.0,3.1696191514317646e-16,78.97090928492852,-223.82758212244755,-38.814228505072556
-59.65925826289069,-52.49999999999999,-0.6698729810778056,117.78513779000104,-218.8917106889943,-37.49166574053492
-58.66025403784439,-54.82962913144534,-1.294095225512603,153.95424076599835,-204.4204678699113,-33.614107913686944
-57.071067811865476,-56.83012701892219,-1.830127018922192,185.0133536173749,-181.40004494845942,-27.445804182461007
-55.00000000000001,-58.365163037378075,-2.2414386804201327,208.84584913092033,-151.3992457036881,-19.4071142525363
-52.58819045102521,-59.33012701892219,-2.499999999999999,223.8275821224475,-116.46257502546356,-10.045861558073948
-50.0,-59.65925826289068,-2.5881904510252074,228.9375722470682,-78.97090928492857,-6.2418039988731704e-15
-47.411809548974794,-59.3301270189222,-2.5000000000000004,223.82758212244755,-41.47924354439368,10.045861558073904
-45.00000000000001,-58.36516303737808,-2.241438680420135,208.84584913092044,-6.542572866169138,19.407114252536253
-42.928932188134524,-56.8301270189222,-1.8301270189221936,185.013353617375,23.458226378602276,27.44580418246099
-41.33974596215562,-54.829629131445344,-1.2940952255126048,153.95424076599846,46.478649300054144,33.61410791368692
-40.34074173710932,-52.50000000000001,-0.6698729810778088,117.78513779000122,60.949892119137175,37.491665740534906
-38.75,-50.0,0.0,78.97090928492854,65.38539358476727,38.680154776277554
-39.05324520597698,-47.493974463099526,0.6714875188242531,44.505680612710066,61.4942507582965,37.637526198290544
-39.94663279636161,-45.123049411553886,1.3067749717006247,11.898481339202817,50.030594795843925,34.56584884084316
-41.3820000149115,-43.01504202858299,1.8716138476065214,-17.09282598269948,31.61243435760214,29.63071762534942
-43.281965843343656,-41.28359553784016,2.335553536538763,-40.90531247115284,7.232697240159894,23.098186753047703
-45.544102632059484,-40.022052667809575,2.6735829297806997,-58.255240815932396,-21.79429861802174,15.32042665414639
-48.04645800124703,-39.29842352115278,2.8674787752470112,-68.20727188910952,-53.90370035687038,6.716738388775411
-50.654129325242856,-39.151719132470454,2.9067880977205403,-70.22488911954197,-87.36448181743583,-2.2490509816973803
-53.22653636799976,-39.5898483733295,2.7893917214518993,-64.19932224009638,-120.37276361017854,-11.093593431601718
-55.625,-40.58919158294966,2.5216185154726505,-50.45541112090355,-151.1490607197764,-19.34007738813877
-57.72021842602325,-42.09587391022997,2.1179042026276464,-29.73409356787792,-178.03421500290355,-26.543932766688823
-59.39923787839553,-44.02866972091657,1.6000131260199157,-3.1524611738162776,-199.57884083319368,-32.316797859145765
-60.57154198384147,-46.28338149256979,0.9958649276404902,27.85646337851847,-214.62146185551734,-36.34745601412482
-61.17393152459686,-48.73845712996941,0.3380293932419369,61.62098094014897,-222.35112647692375,-38.41861340719409
-61.17393152459686,-51.26154287003059,-0.33802939324193626,96.32083762970808,-222.35112647692375,-38.41861340719409
-60.57154198384147,-53.71661850743021,-0.9958649276404895,130.08535519133858,-214.62146185551734,-36.34745601412482
-59.39923787839554,-55.97133027908343,-1.600013126019915,161.09427974367333,-199.57884083319374,-32.31679785914578
-57.72021842602325,-57.904126089770024,-2.1179042026276456,187.67591213773497,-178.03421500290358,-26.54393276668883
-55.62500000000001,-59.41080841705033,-2.5216185154726496,208.39722969076058,-151.14906071977651,-19.3400773881388
-53.22653636799977,-60.4101516266705,-2.789391721451899,222.1411408099534,-120.3727636101786,-11.093593431601736
-50.654129325242856,-60.848280867529546,-2.9067880977205403,228.16670768939906,-87.36448181743589,-2.249050981697398
-48.04645800124704,-60.70157647884723,-2.8674787752470117,226.1490904589666,-53.903700356870445,6.716738388775395
-45.54410263205949,-59.977947332190425,-2.6735829297806997,216.1970593857895,-21.7942986180218,15.320426654146376
-43.281965843343656,-58.71640446215984,-2.3355535365387636,198.84713104100996,7.232697240159837,23.09818675304769
-41.3820000149115,-56.98495797141702,-1.8716138476065225,175.03464455255659,31.612434357602098,29.630717625349405
-39.94663279636161,-54.876950588446114,-1.3067749717006254,146.0433372306543,50.03059479584387,34.565848840843145
-39.05324520597698,-52.50602553690048,-0.6714875188242538,113.43613795714705,61.4942507582965,37.637526198290544
-37.5,-50.0,0.0,78.97090928492854,64.10831374887566,38.33796226558032
-37.77315499082743,-47.48965910314623,0.6726438160387874,48.17367582018524,60.9816894404441,37.50018580710057
-38.58068177946749,-45.089032149437074,1.3158898696135424,18.72242923937347,51.73846500063591,35.02347128299434
-39.887287570313156,-42.90303805623581,1.9016252215460268,-8.095669659164685,36.782613691382494,31.016063002559946
-41.63586742051427,-41.027215254978785,2.4042504262867324,-31.108541266046885,16.76777798103518,25.653103937330787
-43.75,-39.5435462032774,2.801798350525167,-49.31041266404269,-7.431297768026425,19.168981132790165
-46.137287570313156,-38.516874358125015,3.07689424232552,-61.90577473079024,-34.75699782551961,11.847081869769783
-48.69339420915433,-37.992070205672874,3.2175150911595694,-68.34414970471975,-64.0150579756751,4.007408280434405
-51.306605790845666,-37.992070205672874,3.2175150911595694,-68.34414970471975,-93.92676059418191,-4.007408280434392
-53.862712429686844,-38.51687435812501,3.0768942423255203,-61.90577473079024,-123.18482074433746,-11.847081869769779
-56.25,-39.5435462032774,2.8017983505251673,-49.310412664042744,-150.5105208018306,-19.168981132790154
-58.36413257948573,-41.02721525497878,2.4042504262867332,-31.108541266046956,-174.70959655089223,-25.653103937330776
-60.11271242968684,-42.9030380562358,1.901625221546027,-8.095669659164699,-194.72443226123954,-31.01606300255994
-61.41931822053251,-45.089032149437074,1.3158898696135433,18.722429239373433,-209.68028357049297,-35.023471282994336
-62.22684500917257,-47.489659103146224,0.6726438160387888,48.17367582018517,-218.9235080103012,-37.50018580710057
-62.5,-50.0,3.9620239392897057e-16,78.97090928492852,-222.05013231873272,-38.33796226558032
-62.22684500917257,-52.51034089685376,-0.6726438160387865,109.76814274967181,-218.9235080103012,-37.50018580710057
-61.41931822053252,-54.910967850562926,-1.3158898696135415,139.21938933048355,-209.68028357049297,-35.02347128299435
-60.112712429686844,-57.09696194376419,-1.9016252215460263,166.03748822902173,-194.7244322612396,-31.016063002559953
-58.36413257948573,-58.972784745021215,-2.404250426286732,189.05035983590395,-174.70959655089231,-25.6531039373308
-56.25000000000001,-60.4564537967226,-2.801798350525166,207.25223123389975,-150.51052080183072,-19.168981132790183
-53.862712429686844,-61.483125641874985,-3.07689424232552,219.8475933006473,-123.18482074433749,-11.847081869769786
-51.30660579084568,-62.007929794327126,-3.2175150911595694,226.28596827457682,-93.92676059418204,-4.007408280434427
-48.693394209154334,-62.007929794327126,-3.2175150911595694,226.28596827457682,-64.0150579756752,4.0074082804343805
-46.13728757031316,-61.48312564187499,-3.0768942423255203,219.8475933006473,-34.75699782551963,11.847081869769777
-43.75000000000001,-60.456453796722606,-2.8017983505251682,207.25223123389986,-7.431297768026525,19.168981132790137
-41.63586742051427,-58.97278474502122,-2.4042504262867337,189.05035983590403,16.767777981035124,25.653103937330773
-39.88728757031316,-57.0969619437642,-1.9016252215460274,166.0374882290218,36.78261369138245,31.016063002559935
-38.5806817794675,-54.91096785056293,-1.3158898696135448,139.21938933048372,51.738465000635856,35.02347128299433
-37.77315499082743,-52.510340896853776,-0.6726438160387892,109.76814274967194,60.9816894404441,37.500185807100564
-36.25,-50.0,0.0,78.97090928492854,62.31829378256661,37.85832786117223
-36.49848041263778,-47.48646336195537,0.6735001123100963,51.2884964458996,59.76501382042299,37.17417855726528
-37.234940921029,-45.06377248696552,1.3226581757738791,24.606598132696305,52.19745612433009,35.146457583921254
-38.43276392357126,-42.819489735512064,1.92401192661293,-0.11043233063418256,39.88913194650392,31.848452060292274
-40.048656976055284,-40.83472933365422,2.4558268734600106,-21.969257063552377,23.284896191757,27.39936049887186
-42.02421749339602,-39.181225693557906,2.8988818385057384,-40.179841187598285,2.984869202180164,21.959984660684754
-44.28804357122406,-37.91874074493793,3.2371636609449093,-54.08400674531474,-20.277253155618865,15.72691776067854
-46.758314636745375,-37.09290398320985,3.4584459543298802,-63.17922096649589,-45.66071717076057,8.925439076716858
-49.34574865742354,-36.73356330063923,3.5547310000323256,-67.13675911183866,-72.24809831776733,1.8013717695179388
-51.95682902625767,-36.85370620574719,3.52253880563232,-65.81358544150542,-99.07845936924043,-5.387801806859725
-54.49718449561455,-37.44899042091383,3.3630328809114243,-59.25752289943726,-125.18208117095575,-12.382246188156792
-56.875,-38.497900823605136,3.081978185577684,-47.70552466755893,-149.61551081867609,-18.929163930586107
-59.00433509174767,-39.96252705895846,2.6895327686013277,-31.575110060408306,-171.49566050425284,-24.791932369108476
-60.80823005271333,-41.78993371878167,2.1998806298584417,-11.44927428927322,-190.0317246098752,-29.758655777061517
-62.2214874190052,-43.91407356512717,1.630719073419396,11.944582503724021,-204.55376148352218,-33.6498238298102
-63.19302838719934,-46.258174649555635,1.0026190808698705,37.76094538198498,-214.536906875782,-36.32479957558871
-63.68773893537991,-48.737515051380015,0.33828182243917154,65.06674372721204,-219.62034390134693,-37.68690242136329
-63.68773893537991,-51.26248494861998,-0.33828182243917065,92.87507484264499,-219.62034390134693,-37.68690242136329
-63.19302838719934,-53.74182535044436,-1.0026190808698683,120.180873187872,-214.53690687578205,-36.32479957558872
-62.2214874190052,-56.085926434872825,-1.630719073419395,145.997236066133,-204.55376148352218,-33.6498238298102
-60.808230052713334,-58.210066281218324,-2.19988062985844,169.3910928591302,-190.0317246098753,-29.758655777061538
-59.00433509174768,-60.03747294104154,-2.6895327686013273,189.51692863026537,-171.49566050425287,-24.791932369108487
-56.87500000000001,-61.50209917639486,-3.081978185577683,205.64734323741595,-149.6155108186762,-18.929163930586135
-54.497184495614555,-62.55100957908617,-3.3630328809114234,217.19934146929432,-125.18208117095581,-12.382246188156808
-51.95682902625767,-63.14629379425281,-3.5225388056323195,223.7554040113625,-99.07845936924046,-5.387801806859733
-49.34574865742354,-63.26643669936077,-3.5547310000323256,225.07857768169572,-72.24809831776733,1.8013717695179388
-46.75831463674538,-62.90709601679015,-3.4584459543298807,221.121039536353,-45.66071717076066,8.925439076716833
-44.288043571224065,-62.08125925506208,-3.23716366094491,212.02582531517186,-20.277253155618915,15.726917760678527
-42.02421749339603,-60.818774306442094,-2.8988818385057393,198.1216597574554,2.9848692021801213,21.959984660684743
-40.048656976055284,-59.16527066634579,-2.455826873460011,179.91107563340947,23.284896191756985,27.399360498871857
-38.432763923571265,-57.18051026448795,-1.9240119266129323,158.05225090049134,39.889131946503866,31.848452060292257
-37.23494092102901,-54.93622751303449,-1.3226581757738811,133.33522043716084,52.19745612433003,35.14645758392124
-36.49848041263778,-52.51353663804463,-0.6735001123100979,106.65332212395754,59.76501382042299,37.17417855726528
-35.0,-50.0,0.0,78.97090928492854,60.20288024198804,37.29150451131634
-35.227883704816875,-47.48403110755219,0.6741518329132167,53.95110520411546,58.088517657268156,36.72496276423406
-35.90461068821137,-45.04450865675972,1.327819903520653,29.69151520966613,51.80967374032615,35.04255160728838
-37.00961894323342,-42.75555630283199,1.9411428382689055,6.929254667617045,41.55712798632989,32.29539025214195
-38.509333353215325,-40.68672270477732,2.4954851301420287,-13.644056653721279,27.642398809976143,28.566949806440185
-40.35818585470191,-38.90086832459228,2.9740033691121925,-31.403309100447757,10.488278216095708,23.970517046443828
-42.5,-37.452255443932884,3.3621580206302006,-45.808896773583996,-9.384014521470235,18.645752255658174
-44.86969785011497,-36.38489943214447,3.6481552020254093,-56.42311318126086,-31.370669843756062,12.754445717790238
-47.395277334996045,-35.73123136153703,3.8233050336626824,-62.92345072898367,-54.80363435457855,6.475601800848196
-50.0,-35.511112605663975,3.8822856765378115,-65.11239994969448,-78.97090928492852,2.283446081758632e-15
-52.604722665003955,-35.73123136153703,3.8233050336626824,-62.92345072898367,-103.13818421527851,-6.475601800848192
-55.13030214988503,-36.384899432144465,3.6481552020254098,-56.42311318126086,-126.571148726101,-12.754445717790235
-57.5,-37.45225544393288,3.362158020630201,-45.808896773584024,-148.5578040483868,-18.645752255658163
-59.64181414529809,-38.90086832459228,2.9740033691121925,-31.403309100447757,-168.4300967859528,-23.970517046443828
-61.49066664678467,-40.68672270477731,2.4954851301420296,-13.644056653721293,-185.5842173798332,-28.566949806440178
-62.99038105676658,-42.75555630283199,1.9411428382689055,6.929254667617045,-199.49894655618698,-32.29539025214195
-64.09538931178862,-45.04450865675972,1.3278199035206537,29.691515209666107,-209.7514923101832,-35.042551607288374
-64.77211629518312,-47.484031107552184,0.6741518329132181,53.95110520411541,-216.03033622712525,-36.72496276423406
-65.0,-50.0,4.754428727147648e-16,78.97090928492852,-218.1446988118451,-37.29150451131634
-64.77211629518312,-52.5159688924478,-0.6741518329132156,103.99071336574158,-216.03033622712525,-36.72496276423406
-64.09538931178862,-54.95549134324028,-1.3278199035206528,128.25030336019094,-209.7514923101832,-35.04255160728838
-62.99038105676658,-57.24444369716801,-1.9411428382689047,151.01256390224,-199.49894655618698,-32.29539025214196
-61.490666646784675,-59.31327729522268,-2.4954851301420287,171.58587522357834,-185.58421737983323,-28.56694980644019
-59.64181414529809,-61.09913167540772,-2.974003369112192,189.3451276703048,-168.4300967859528,-23.970517046443828
-57.50000000000001,-62.547744556067116,-3.3621580206301998,203.75071534344102,-148.5578040483869,-18.64575225565819
-55.13030214988504,-63.61510056785553,-3.648155202025409,214.36493175111787,-126.57114872610109,-12.754445717790256
-52.604722665003955,-64.26876863846297,-3.8233050336626824,220.86526929884076,-103.13818421527851,-6.475601800848192
-50.0,-64.48888739433603,-3.8822856765378115,223.05421851955157,-78.97090928492857,-5.996931304516626e-15
-47.39527733499605,-64.26876863846297,-3.8233050336626824,220.86526929884076,-54.803634354578605,6.475601800848181
-44.869697850114974,-63.615100567855535,-3.64815520202541,214.36493175111792,-31.370669843756147,12.754445717790217
-42.5,-62.547744556067116,-3.3621580206302006,203.75071534344107,-9.384014521470235,18.645752255658174
-40.35818585470191,-61.09913167540772,-2.974003369112193,189.34512767030486,10.48827821609568,23.97051704644382
-38.50933335321533,-59.31327729522269,-2.4954851301420304,171.5858752235784,27.6423988099761,28.56694980644017
-37.00961894323342,-57.24444369716802,-1.9411428382689075,151.01256390224012,41.55712798632983,32.295390252141935
-35.90461068821138,-54.9554913432403,-1.327819903520656,128.25030336019105,51.80967374032609,35.04255160728837
-35.227883704816875,-52.51596889244781,-0.6741518329132169,103.99071336574163,58.088517657268156,36.72496276423406
-33.75,-50.0,0.0,78.97090928492854,57.89403116592807,36.672850265940724
-33.960433232133916,-47.48213726610993,0.6746592861982638,56.241751615970315,56.12166613301177,36.197946486677644
-34.58628281835888,-45.02948585445518,1.3318452512662062,34.10126719156104,50.85047435763495,34.78553490731584
-35.61133958313534,-42.70556814827913,1.9545371239124676,13.122882928431693,42.21697693795021,32.47219624585514
-37.00905509469311,-40.570572395473924,2.526607511720498,-6.150072040440804,30.444776922159903,29.317844758486473
-38.74322925546901,-38.67979386457557,3.0332400921408147,-23.218438304979998,15.83876810702094,25.40417649182813
-40.76894786561871,-37.0822027263541,3.461313347462378,-37.64015414453449,-1.222761551337939,20.832553398231223
-43.03374587720037,-35.819175752113416,3.799740405228893,-49.04170469423853,-20.297927396774334,15.721378114456806
-45.478966211357644,-34.92342467704883,4.039756182411758,-57.12779578381365,-40.89269265361489,10.203027395577838
-48.041278945851,-34.41814898348813,4.175144396456423,-61.68900190146802,-62.47366371963978,4.420423626557042
-50.65432152677799,-34.316435046485424,4.202398563735287,-62.60719020464573,-84.48190478020136,-1.4766667924499095
-53.25041752386072,-34.62091720358122,4.120812815631783,-59.85858009859659,-106.34741395222812,-7.335512317189785
-55.7623294144412,-35.32370952684385,3.93250018016677,-53.51435914128881,-127.50388603358789,-13.004371926081726
-58.125,-36.40661006426062,3.6423378556827175,-43.738839323050755,-147.4033795103568,-18.336425132970355
-60.27723735342488,-37.84157226073392,3.2578408939685066,-30.78520147233057,-165.53050795420947,-23.193574560595906
-62.163299657780385,-39.59143134912604,2.7889675643655782,-14.98893800522913,-181.4157882601924,-27.450022590126046
-63.73433889008666,-41.610866898206304,2.2478614398228203,3.2408361518510986,-194.6478000125344,-30.995529453405208
-64.9496659594559,-43.847576588014206,1.6485368847359252,23.431979423901318,-204.8838410573057,-33.738268385043504
-65.77780453317334,-46.24363081247325,1.0065160902709447,45.06155180609485,-211.85880330819163,-35.60720388740595
-66.19730625718091,-48.73697302575932,0.3384270577665155,67.56935873522448,-215.39203890667335,-36.553931512688024
-66.19730625718091,-51.263026974240674,-0.33842705776651255,90.37245983463251,-215.39203890667335,-36.553931512688024
-65.77780453317335,-53.75636918752674,-1.006516090270942,112.88026676376214,-211.85880330819163,-35.60720388740596
-64.9496659594559,-56.15242341198579,-1.6485368847359243,134.50983914595574,-204.8838410573057,-33.738268385043504
-63.73433889008667,-58.38913310179369,-2.247861439822818,154.7009824180059,-194.64780001253445,-30.995529453405233
-62.1632996577804,-60.40856865087395,-2.788967564365576,172.93075657508612,-181.41578826019247,-27.450022590126064
-60.27723735342489,-62.158427739266074,-3.257840893968505,188.72702004218758,-165.53050795420955,-23.193574560595934
-58.12500000000001,-63.593389935739374,-3.642337855682716,201.6806578929078,-147.40337951035693,-18.336425132970383
-55.76232941444121,-64.67629047315614,-3.9325001801667696,211.45617771114587,-127.50388603358795,-13.004371926081742
-53.250417523860726,-65.37908279641877,-4.120812815631783,217.80039866845368,-106.34741395222815,-7.335512317189793
-50.654321526778,-65.68356495351458,-4.202398563735287,220.5490087745028,-84.4819047802014,-1.4766667924499177
-48.04127894585101,-65.58185101651188,-4.175144396456424,219.63082047132514,-62.4736637196399,4.420423626557009
-45.47896621135765,-65.07657532295117,-4.039756182411759,215.06961435367077,-40.89269265361498,10.203027395577813
-43.033745877200374,-64.18082424788659,-3.799740405228894,206.98352326409565,-20.297927396774384,15.721378114456794
-40.76894786561872,-62.91779727364591,-3.461313347462379,195.5819727143916,-1.222761551337996,20.83255339823121
-38.74322925546901,-61.32020613542443,-3.0332400921408156,181.1602568748371,15.838768107020911,25.404176491828125
-37.00905509469312,-59.42942760452609,-2.5266075117205014,164.09189061029798,30.444776922159832,29.317844758486455
-35.61133958313535,-57.29443185172089,-1.9545371239124705,144.81893564142547,42.21697693795015,32.47219624585512
-34.58628281835889,-54.970514145544826,-1.3318452512662085,123.84055137829611,50.85047435763492,34.785534907315835
-33.960433232133916,-52.51786273389008,-0.6746592861982653,101.70006695388682,56.12166613301177,36.197946486677644
-32.5,-50.0,0.0,78.97090928492854,55.48374519703292,36.0270160870472
-32.69546054106025,-47.480633953106214,0.6750620977035808,58.22456846193354,53.98199779628361,35.62462408378089
-33.27747589874254,-45.01754638057295,1.3350444236510008,37.94166661062804,49.51030214940546,34.426436846402126
-34.233044811707664,-42.66575858864094,1.9652040632685583,18.575290241883792,42.16854854789521,32.45921989784916
-35.54082144947009,-40.47780563036957,2.5514642915146557,0.558052201804955,32.120739635327894,29.76691761402451
-37.171592242978036,-38.50256275936322,3.080729023656141,-15.707572184382755,19.591326859305852,26.409671579053217
-39.08892846747216,-36.78415363736957,3.541175360160614,-29.858235746027077,4.860196597014095,22.462477121674468
-41.25,-35.36096468458836,3.922517690735234,-41.57783604242856,-11.743582043947825,18.013508043523597
-43.606532073588085,-34.26478759047578,4.216237457864195,-50.604576569022086,-29.84910808565904,13.162146962106416
-46.1058836557645,-33.52010913993618,4.415773447307141,-56.736814858683246,-49.051933994828914,8.016765267348909
-48.69222336223758,-33.143564219010514,4.516668354783214,-59.83756684123979,-68.92310037236123,2.6923022838246466
-51.30777663776242,-33.143564219010514,4.516668354783214,-59.83756684123979,-89.01871819749586,-2.6923022838246498
-53.8941163442355,-33.52010913993618,4.415773447307141,-56.736814858683246,-108.88988457502815,-8.016765267348905
-56.393467926411915,-34.26478759047578,4.216237457864195,-50.604576569022086,-128.09271048419805,-13.162146962106421
-58.75,-35.36096468458837,3.922517690735233,-41.57783604242853,-146.1982365259093,-18.013508043523608
-60.911071532527835,-36.78415363736957,3.5411753601606146,-29.85823574602709,-162.80201516687117,-22.462477121674464
-62.828407757021964,-38.50256275936322,3.0807290236561404,-15.707572184382741,-177.53314542916291,-26.409671579053217
-64.45917855052991,-40.47780563036957,2.551464291514655,0.5580522018049834,-190.06255820518498,-29.766917614024514
-65.76695518829233,-42.665758588640934,1.9652040632685588,18.575290241883778,-200.11036711775228,-32.45921989784916
-66.72252410125746,-45.01754638057295,1.3350444236510008,37.94166661062804,-207.4521207192625,-34.42643684640212
-67.30453945893976,-47.480633953106214,0.6750620977035802,58.22456846193357,-211.92381636614067,-35.62462408378089
-67.5,-50.0,5.5468335150055885e-16,78.97090928492852,-213.42556376688998,-36.0270160870472
-67.30453945893976,-52.51936604689379,-0.675062097703581,99.71725010792353,-211.92381636614067,-35.62462408378089
-66.72252410125746,-54.98245361942705,-1.3350444236510015,120.00015195922907,-207.4521207192625,-34.42643684640212
-65.76695518829234,-57.33424141135906,-1.965204063268558,139.36652832797327,-200.11036711775228,-32.45921989784916
-64.45917855052991,-59.52219436963043,-2.5514642915146557,157.38376636805214,-190.06255820518498,-29.766917614024514
-62.82840775702196,-61.49743724063678,-3.080729023656141,173.64939075423985,-177.53314542916291,-26.409671579053217
-60.91107153252784,-63.21584636263043,-3.5411753601606137,187.80005431588415,-162.8020151668712,-22.462477121674475
-58.74999999999999,-64.63903531541165,-3.9225176907352344,199.51965461228565,-146.19823652590924,-18.013508043523593
-56.39346792641191,-65.73521240952422,-4.216237457864195,208.54639513887918,-128.09271048419802,-13.162146962106412
-53.894116344235506,-66.47989086006382,-4.415773447307141,214.6786334285403,-108.88988457502818,-8.016765267348912
-51.307776637762416,-66.85643578098949,-4.516668354783214,217.77938541109688,-89.0187181974958,-2.692302283824634
-48.69222336223757,-66.85643578098949,-4.516668354783214,217.77938541109688,-68.9231003723612,2.6923022838246546
-46.1058836557645,-66.47989086006382,-4.415773447307141,214.6786334285403,-49.05193399482894,8.016765267348902
-43.606532073588085,-65.73521240952422,-4.216237457864194,208.54639513887912,-29.849108085658976,13.162146962106432
-41.25,-64.63903531541163,-3.9225176907352335,199.51965461228562,-11.743582043947796,18.013508043523604
-39.088928467472165,-63.21584636263043,-3.5411753601606146,187.80005431588415,4.860196597014067,22.46247712167446
-37.171592242978036,-61.49743724063678,-3.0807290236561395,173.6493907542398,19.59132685930588,26.409671579053224
-35.54082144947009,-59.52219436963043,-2.5514642915146553,157.3837663680521,32.120739635327894,29.76691761402451
-34.23304481170767,-57.334241411359066,-1.9652040632685592,139.3665283279733,42.1685485478952,32.45921989784916
-33.27747589874254,-54.98245361942704,-1.335044423650999,120.00015195922899,49.51030214940546,34.426436846402126
-32.69546054106025,-52.519366046893786,-0.6750620977035806,99.71725010792352,53.98199779628361,35.62462408378089
55.0,50.0,0.0,-78.97090928492854,146.0380398333574,116.16367762773352
54.33012701892219,51.25,2.165063509461096,-146.03803983335737,137.05274809879532,100.6006958226433
52.5,52.1650635094611,3.7499999999999996,-195.13458691266206,112.50447455914298,58.081838813866774
50.0,52.5,4.330127018922193,-213.10517038178625,78.97090928492854,7.112973799199444e-15
47.5,52.1650635094611,3.75,-195.1345869126621,45.43734401071411,-58.08183881386674
45.66987298107781,51.25,2.165063509461098,-146.03803983335743,20.88907047106177,-100.60069582264326
45.0,50.0,5.302876193624535e-16,-78.97090928492855,11.90377873649966,-116.16367762773352
45.6698729810778,48.75,-2.1650635094610955,-11.903778736499703,20.889070471061736,-100.60069582264333
47.5,47.8349364905389,-3.7499999999999987,37.19276834280495,45.437344010714064,-58.081838813866824
50.0,47.5,-4.330127018922193,55.16335181192919,78.97090928492852,-1.8680544106289344e-14
52.5,47.8349364905389,-3.7500000000000018,37.19276834280505,112.50447455914293,58.08183881386669
54.33012701892219,48.75,-2.1650635094610986,-11.903778736499618,137.0527480987953,100.60069582264326
56.25,50.0,0.0,-78.97090928492854,150.06192548437292,123.13325201913975
55.70965911026626,51.27105200961188,2.201526659710293,-136.8015518485472,143.91578421312752,112.48782306684676
54.18206628974286,52.322327579616854,4.022389359714853,-184.6327509380219,126.54008406113016,82.39222758650509
51.93135621484342,52.97205161342235,5.1477443971645735,-214.19405769798033,100.93924143794155,38.050267446567496
49.34669710457717,53.10788092302585,5.383007662554838,-220.3740536335846,71.53987460946476,-12.87092961070935
46.875,52.70632938682637,4.6875,-202.10416130406833,43.42540118520636,-61.56662600956985
44.94364378515658,51.83682891341398,3.1814810028445453,-162.54341106996594,21.457069032193353,-99.61689345613735
43.88657749541372,50.6497240338055,1.1253550374497232,-108.532216044887,9.433402355713895,-120.44249503307259
43.88657749541372,49.3502759661945,-1.1253550374497197,-49.40960252497018,9.433402355713895,-120.44249503307259
44.94364378515658,48.16317108658602,-3.181481002844544,4.6015925001088505,21.457069032193324,-99.6168934561374
46.875,47.29367061317363,-4.687499999999998,44.162342734211194,43.425401185206304,-61.56662600956995
49.34669710457716,46.89211907697415,-5.383007662554838,62.43223506372753,71.5398746094647,-12.870929610709462
51.93135621484342,47.02794838657764,-5.147744397164574,56.252239128123264,100.93924143794153,38.050267446567474
54.18206628974286,47.67767242038314,-4.022389359714855,26.690932368164894,126.54008406113013,82.39222758650503
55.70965911026625,48.72894799038812,-2.2015266597102974,-21.14026672130977,143.9157842131275,112.48782306684667
57.5,50.0,0.0,-78.97090928492854,152.43926982196518,127.25093319893573
57.04769465589431,51.28257553747126,2.2214859954451787,-129.22622768648688,148.00858554282053,119.57676291516047
55.74533332339234,52.410453536324525,4.175027994198145,-173.42001299930985,135.25093861938709,97.479870258749
53.75,53.247595264191645,5.625,-206.22184248386426,115.70508955344687,63.62546659946788
51.30236133250198,53.693029073795785,6.396513989643324,-223.67533140086817,91.72855620836198,22.096892656411484
48.697638667498026,53.693029073795785,6.396513989643324,-223.67533140086817,66.21326236149511,-22.096892656411473
46.25,53.247595264191645,5.625000000000001,-206.2218424838643,42.23672901641023,-63.625466599467835
44.25466667660766,52.410453536324525,4.175027994198147,-173.42001299930985,22.690879950470006,-97.47987025874897
42.95230534410569,51.28257553747126,2.22148599544518,-129.2262276864869,9.933233027036565,-119.57676291516047
42.5,50.0,7.954314290436802e-16,-78.97090928492855,5.502548747891893,-127.25093319893573
42.95230534410569,48.71742446252874,-2.221485995445178,-28.715590883370204,9.933233027036565,-119.57676291516047
44.25466667660766,47.589546463675475,-4.175027994198145,15.47819442945277,22.690879950469984,-97.47987025874902
46.24999999999999,46.752404735808355,-5.624999999999998,48.28002391400716,42.23672901641017,-63.625466599467934
48.69763866749802,46.306970926204215,-6.396513989643324,65.73351283101111,66.21326236149511,-22.096892656411473
51.302361332501974,46.306970926204215,-6.396513989643324,65.73351283101111,91.72855620836195,22.09689265641143
53.75,46.752404735808355,-5.625,48.28002391400719,115.70508955344687,63.62546659946788
55.74533332339233,47.589546463675475,-4.175027994198148,15.478194429452799,135.25093861938706,97.47987025874896
57.04769465589431,48.71742446252874,-2.2214859954451835,-28.71559088337009,148.00858554282047,119.57676291516042
58.75,50.0,0.0,-78.97090928492854,153.62171881055832,129.29899492453748
58.36126205062873,51.289553888047706,2.233572853196615,-122.97833404821293,150.30519279754137,123.55460336536827
57.229589275264956,52.464525254028345,4.26868295651369,-163.07550599787686,140.6503026490817,106.83184308673991
55.45553576626392,53.42051273579763,5.9245018463379155,-195.69961544265186,125.51492772465753,80.61660472603327
53.19673396320596,54.07257265031839,7.053902747866896,-217.9518670898235,106.24391250680276,47.23822725527583
50.653888318881215,54.36276661266766,7.55653343470556,-227.8550507281426,84.54957126708118,9.66252599134127
48.05294182788225,54.26530961579548,7.387732964569855,-224.529225031939,62.35954142869047,-28.77173311022083
45.625,53.78886114155692,6.562499999999998,-208.269904209466,41.645504522113626,-64.64949746226877
43.58579612148902,52.975755727747774,5.1541601113732405,-180.5218002686546,24.24799362855378,-94.78287025514743
42.116522405853836,51.89824135863932,3.287850478191872,-143.7504540151943,11.712853938622743,-116.49436907808116
41.34773027053012,50.65205991452076,1.1294009015289797,-101.22316093210014,5.153887623325318,-127.85483198130913
41.34773027053012,49.34794008547924,-1.129400901528981,-56.718657637756905,5.153887623325318,-127.85483198130913
42.11652240585383,48.10175864136068,-3.2878504781918703,-14.191364554662812,11.712853938622743,-116.49436907808116
43.58579612148902,47.024244272252226,-5.154160111373241,22.579981698797553,24.24799362855378,-94.78287025514743
45.625,46.21113885844308,-6.562500000000001,50.328085639609,41.645504522113654,-64.64949746226873
48.05294182788225,45.73469038420452,-7.387732964569855,66.58740646208192,62.35954142869045,-28.77173311022086
50.653888318881215,45.63723338733234,-7.55653343470556,69.91323215828551,84.54957126708119,9.6625259913413
53.19673396320596,45.92742734968161,-7.053902747866895,60.01004851996639,106.2439125068028,47.238227255275895
55.45553576626392,46.57948726420237,-5.9245018463379155,37.757796872794785,125.5149277246575,80.61660472603326
57.229589275264956,47.535474745971655,-4.268682956513689,5.133687428019769,140.6503026490817,106.83184308673991
58.36126205062873,48.710446111952294,-2.2335728531966117,-34.9634845216442,150.30519279754137,123.55460336536827
60.0,50.0,0.0,-78.97090928492854,153.9542407659984,129.87493984599183
59.65925826289068,51.294095225512606,2.2414386804201336,-117.7851377900011,151.39924570368805,125.44955858498271
58.66025403784439,52.5,4.330127018922192,-153.95424076599835,143.90837920792447,112.47499722160475
57.071067811865476,53.53553390593274,6.123724356957944,-185.01335361737495,131.99213145115178,91.83545067129577
55.0,54.33012701892219,7.499999999999999,-208.84584913092039,116.46257502546348,64.93746992299593
52.58819045102521,54.829629131445344,8.365163037378077,-223.82758212244755,98.37802353746484,33.61410791368696
50.0,55.0,8.660254037844386,-228.9375722470682,78.97090928492854,7.952546468592446e-15
47.411809548974794,54.829629131445344,8.365163037378078,-223.82758212244755,59.563795032392264,-33.614107913686915
45.0,54.3301270189222,7.5,-208.84584913092039,41.479243544393626,-64.93746992299589
42.928932188134524,53.53553390593274,6.123724356957945,-185.01335361737497,25.94968711870532,-91.83545067129575
41.33974596215562,52.5,4.330127018922196,-153.9542407659984,14.033439361932622,-112.47499722160472
40.34074173710932,51.294095225512606,2.241438680420136,-117.78513779000114,6.542572866169024,-125.44955858498271
40.0,50.0,1.060575238724907e-15,-78.97090928492855,3.9875778038586844,-129.87493984599183
40.34074173710931,48.7059047744874,-2.24143868042013,-40.15668077985604,6.542572866169024,-125.44955858498271
41.33974596215561,47.5,-4.330127018922191,-3.987577803858727,14.03343936193258,-112.4749972216048
42.928932188134524,46.46446609406726,-6.123724356957942,27.071535047517827,25.94968711870529,-91.8354506712958
44.99999999999999,45.66987298107781,-7.499999999999997,50.904030561063266,41.47924354439357,-64.93746992299599
47.41180954897479,45.170370868554656,-8.365163037378077,65.8857635525904,59.56379503239221,-33.61410791368702
50.0,45.0,-8.660254037844386,70.99575367721114,78.97090928492852,-2.0885483239173014e-14
52.588190451025206,45.170370868554656,-8.36516303737808,65.88576355259046,98.37802353746478,33.61410791368687
54.99999999999999,45.6698729810778,-7.5000000000000036,50.90403056106335,116.46257502546342,64.93746992299583
57.071067811865476,46.46446609406726,-6.123724356957947,27.071535047517912,131.99213145115175,91.83545067129575
58.66025403784438,47.5,-4.330127018922197,-3.9875778038586276,143.90837920792444,112.47499722160472
59.65925826289068,48.705904774487394,-2.2414386804201407,-40.156680779855854,151.39924570368802,125.44955858498265
61.25,50.0,0.0,-78.97090928492854,153.69523021145847,129.42632040583206
60.94675479402302,51.297214272926226,2.2468410290117435,-113.43613795714701,151.68102647004906,125.93761718891568
60.05336720363839,52.5244953886276,4.3725542765763405,-146.04333723065426,145.7470014908775,115.65958443160764
58.6179999850885,53.61568030448679,6.2625419912972164,-175.03464455255656,136.21306009653597,99.14631354022406
56.718034156656344,54.51194295924712,7.814914446268686,-198.8471310410099,123.59317953536217,77.28803922282025
54.455897367940516,55.164965601201544,8.945982840626602,-216.1970593857895,108.56770083494338,51.263146705650925
51.95354199875297,55.53954361069367,9.594770984464985,-226.1490904589666,91.94665144121933,22.474644680608986
49.345870674757144,55.615483390275884,9.726302541016961,-228.16670768939906,74.62607642920398,-7.525471256509524
46.77346363200024,55.38869100677463,9.333486610023135,-222.14114080995347,57.53973248105879,-37.11988709029398
44.375,54.87139289628747,8.4375,-208.39722969076064,41.608748821663596,-64.713160202916
42.27978157397675,54.0914767338484,7.0866455810113935,-187.675912137735,27.69196890367777,-88.81773009862168
40.60076212160447,53.090988001648284,5.353748264440622,-161.09427974367335,16.539649934704187,-108.13411317509808
39.42845801615853,51.92386330620689,3.3322289931677695,-130.0853551913386,8.753016317030344,-121.62095822083303
38.82606847540314,50.65302264195442,1.131068394357916,-96.32083762970811,4.751847484480066,-128.55118592847114
38.82606847540314,49.34697735804558,-1.1310683943579138,-61.620980940148996,4.751847484480066,-128.55118592847114
39.42845801615853,48.07613669379311,-3.3322289931677673,-27.856463378518505,8.753016317030344,-121.62095822083303
40.60076212160446,46.909011998351716,-5.353748264440619,3.152461173816235,16.53964993470416,-108.13411317509812
42.27978157397675,45.908523266151605,-7.08664558101139,29.734093567877892,27.691968903677754,-88.81773009862171
44.37499999999999,45.12860710371253,-8.437499999999996,50.45541112090349,41.60874882166354,-64.7131602029161
46.77346363200023,44.61130899322538,-9.333486610023133,64.19932224009635,57.53973248105876,-37.119887090294036
49.345870674757144,44.384516609724116,-9.726302541016961,70.22488911954197,74.62607642920393,-7.525471256509583
51.95354199875296,44.46045638930633,-9.594770984464986,68.20727188910952,91.9466514412193,22.474644680608932
54.45589736794051,44.835034398798456,-8.945982840626602,58.255240815932396,108.56770083494335,51.263146705650875
56.718034156656344,45.48805704075288,-7.814914446268688,40.90531247115287,123.59317953536214,77.2880392228202
58.6179999850885,46.38431969551321,-6.26254199129722,17.09282598269951,136.2130600965359,99.14631354022401
60.05336720363839,47.4755046113724,-4.372554276576343,-11.898481339202803,145.74700149087744,115.6595844316076
60.94675479402302,48.702785727073774,-2.246841029011746,-44.50568061271002,151.68102647004906,125.93761718891568
62.5,50.0,0.0,-78.97090928492854,153.03416504416816,128.28132194897123
62.22684500917257,51.299448067610996,2.250710074899442,-109.76814274967184,151.41570520836297,125.4780672833471
61.41931822053251,52.54210401922375,4.403053319420586,-139.2193893304836,146.63106016200408,117.19081896687076
60.112712429686844,53.673657826827956,6.36296200568909,-166.03748822902176,138.8893418528916,103.78176951760169
58.36413257948573,54.644655159233714,8.044778719429706,-189.05035983590398,128.52890052001973,85.83695874023103
56.25,55.412658773652744,9.375,-207.25223123389975,116.00253716454836,64.14066097448563
53.862712429686844,55.94410322684471,10.295488794329147,-219.8475933006473,101.85771397327179,39.64110854311607
51.30660579084567,56.21576184605171,10.766015325109676,-226.28596827457682,86.71262759404105,13.409049449269094
48.693394209154334,56.21576184605171,10.766015325109676,-226.28596827457682,71.22919097581605,-13.40904944926905
46.137287570313156,55.94410322684471,10.295488794329149,-219.8475933006473,56.084104596585306,-39.641108543116054
43.75,55.412658773652744,9.375,-207.2522312338998,41.93928140530875,-64.1406609744856
41.63586742051427,54.644655159233714,8.044778719429708,-189.05035983590403,29.41291804983736,-85.836958740231
39.88728757031316,53.673657826827956,6.3629620056890905,-166.0374882290218,19.0524767169655,-103.78176951760166
38.58068177946749,52.54210401922375,4.403053319420589,-139.21938933048364,11.310758407853001,-117.19081896687074
37.77315499082743,51.299448067610996,2.2507100748994464,-109.76814274967191,6.526113361494097,-125.4780672833471
37.5,50.0,1.3257190484061335e-15,-78.97090928492855,4.907653525688929,-128.28132194897123
37.77315499082743,48.700551932389004,-2.2507100748994393,-48.17367582018527,6.526113361494097,-125.4780672833471
38.58068177946748,47.45789598077625,-4.403053319420583,-18.72242923937352,11.310758407852973,-117.19081896687078
39.887287570313156,46.326342173172044,-6.362962005689088,8.09566965916467,19.052476716965472,-103.78176951760172
41.63586742051427,45.355344840766286,-8.044778719429704,31.10854126604687,29.41291804983731,-85.83695874023108
43.74999999999999,44.58734122634726,-9.374999999999996,49.31041266404269,41.93928140530869,-64.1406609744857
46.137287570313156,44.05589677315529,-10.295488794329147,61.90577473079021,56.08410459658529,-39.64110854311608
48.69339420915432,43.78423815394829,-10.766015325109676,68.34414970471973,71.22919097581598,-13.409049449269164
51.306605790845666,43.78423815394829,-10.766015325109676,68.34414970471975,86.71262759404101,13.40904944926901
53.86271242968684,44.05589677315529,-10.295488794329149,61.90577473079024,101.85771397327177,39.64110854311605
56.24999999999999,44.587341226347256,-9.375000000000004,49.31041266404277,116.0025371645483,64.14066097448553
58.36413257948573,45.355344840766286,-8.04477871942971,31.108541266046956,128.5289005200197,85.83695874023098
60.11271242968684,46.32634217317204,-6.362962005689092,8.095669659164713,138.88934185289156,103.78176951760166
61.4193182205325,47.45789598077624,-4.403053319420595,-18.722429239373362,146.63106016200408,117.19081896687071
62.22684500917257,48.700551932389004,-2.250710074899448,-48.173675820185146,151.41570520836297,125.47806728334707
63.75,50.0,0.0,-78.97090928492854,152.10758252737904,126.67643395248746
63.50151958736222,51.30110230497782,2.2535752980665613,-106.65332212395748,150.7859075640162,124.38722576485131
62.765059078971,52.555179382664754,4.425700513227829,-133.33522043716079,146.86865145069422,117.60233915031782
61.56723607642874,53.71690562000723,6.437869380790827,-158.05225090049126,140.49739402965974,106.56699758898587
59.951343023944716,54.74429320393952,8.217356875226981,-179.91107563340944,131.90240914425829,91.68004707718396
57.97578250660398,55.60020967034606,9.699847682077925,-198.12165975745535,121.39434194226291,73.47954079397988
55.71195642877594,56.25371996806231,10.831760720991944,-212.0258253151718,109.35298135085583,52.623292457405185
53.241685363254625,56.68120453222435,11.572185705572029,-221.12103953635295,96.21353351526949,29.865101222768715
50.65425134257646,56.86721295688318,11.894361747716971,-225.07857768169572,82.45089231477937,6.027507417179122
48.04317097374233,56.805022412931415,11.786644565842165,-223.7554040113625,68.5624754605831,-18.02793621098472
45.50281550438545,56.49688062866335,11.252927339554946,-217.19934146929432,55.0502465237085,-41.43180325315392
43.125,55.95392465101802,10.312500000000002,-205.647343237416,42.4025726637033,-63.3382169762437
40.99566490825233,55.19577832368553,8.999352041488383,-189.5169286302654,31.07657376706092,-82.95542251169735
39.19176994728667,54.24984303026666,7.360944052614339,-169.3910928591303,21.48160094350832,-99.57440293933305
37.7785125809948,53.15030733687595,5.4564923669261445,-145.99723606613304,13.964441510346518,-112.59450500616495
36.80697161280066,51.93691132828483,3.3548288303450495,-120.1808731878721,8.796785195257868,-121.54514829995266
36.31226106462009,50.65351029771626,1.1319130389140208,-92.87507484264503,6.165404561666861,-126.10283325138506
36.31226106462009,49.34648970228375,-1.131913038914018,-65.06674372721208,6.165404561666861,-126.10283325138506
36.80697161280066,48.06308867171517,-3.354828830345042,-37.76094538198508,8.796785195257854,-121.54514829995269
37.7785125809948,46.84969266312405,-5.456492366926141,-11.944582503724064,13.964441510346518,-112.59450500616495
39.191769947286666,45.75015696973334,-7.360944052614332,11.449274289273134,21.481600943508276,-99.57440293933313
40.99566490825232,44.80422167631448,-8.99935204148838,31.575110060408292,31.0765737670609,-82.95542251169739
43.12499999999999,44.04607534898199,-10.312499999999996,47.705524667558876,42.402572663703246,-63.3382169762438
45.502815504385445,43.50311937133665,-11.252927339554942,59.25752289943726,55.050246523708466,-41.43180325315398
48.04317097374233,43.194977587068585,-11.786644565842163,65.8135854415054,68.56247546058309,-18.02793621098475
50.65425134257646,43.13278704311682,-11.894361747716971,67.13675911183866,82.45089231477937,6.027507417179122
53.24168536325462,43.318795467775644,-11.57218570557203,63.17922096649592,96.21353351526943,29.865101222768637
55.711956428775935,43.74628003193768,-10.831760720991948,54.084006745314795,109.3529813508558,52.623292457405135
57.97578250660397,44.39979032965394,-9.699847682077928,40.17984118759831,121.3943419422629,73.47954079397984
59.951343023944716,45.25570679606048,-8.217356875226983,21.96925706355239,131.90240914425829,91.68004707718394
61.567236076428735,46.28309437999276,-6.437869380790835,0.11043233063428204,140.49739402965972,106.5669975889858
62.76505907897099,47.444820617335246,-4.425700513227835,-24.606598132696227,146.8686514506942,117.60233915031777
63.50151958736222,48.698897695022175,-2.253575298066566,-51.28849644589953,150.7859075640162,124.38722576485131
65.0,50.0,0.0,-78.97090928492854,151.01256390224006,124.77980605851253
64.77211629518312,51.30236133250198,2.255755997706529,-103.99071336574161,149.91808929188466,122.88412042578281
64.09538931178862,52.56515107494251,4.442971990890357,-128.25030336019094,146.66792051802327,117.25466297628103
62.99038105676658,53.75,6.495190528383289,-151.01256390224003,141.36081231418484,108.06248192596726
61.490666646784675,54.82090707264905,8.35005598839629,-171.58587522357834,134.1580184776167,95.58687704458733
59.64181414529809,55.74533332339234,9.951209222534075,-189.34512767030483,125.27839225425345,80.20691327350123
57.5,56.49519052838329,11.25,-203.75071534344107,114.9917365935843,62.389903029256274
55.13030214988503,57.04769465589432,12.206965220240605,-214.36493175111792,103.61060632255976,42.67720715228161
52.604722665003955,57.38605814759156,12.793027979286649,-220.86526929884076,91.48081132533508,21.667785931693704
50.0,57.5,12.99038105676658,-223.05421851955157,78.97090928492854,7.640559504389244e-15
47.395277334996045,57.38605814759156,12.793027979286649,-220.86526929884076,66.461007244522,-21.66778593169369
44.86969785011497,57.04769465589432,12.206965220240606,-214.36493175111792,54.33121224729733,-42.677207152281596
42.5,56.49519052838329,11.250000000000002,-203.7507153434411,42.95008197627279,-62.38990302925624
40.35818585470191,55.74533332339234,9.951209222534075,-189.34512767030483,32.66342631560362,-80.20691327350123
38.50933335321533,54.82090707264905,8.350055988396294,-171.58587522357837,23.783800092240384,-95.5868770445873
37.00961894323342,53.75,6.495190528383289,-151.01256390224003,16.58100625567225,-108.06248192596726
35.90461068821138,52.56515107494252,4.44297199089036,-128.25030336019097,11.27389805183384,-117.254662976281
35.227883704816875,51.30236133250198,2.255755997706534,-103.99071336574167,8.023729277972421,-122.88412042578281
35.0,50.0,1.5908628580873604e-15,-78.97090928492855,6.929254667617016,-124.77980605851253
35.227883704816875,48.697638667498026,-2.2557559977065256,-53.9511052041155,8.023729277972421,-122.88412042578281
35.90461068821137,47.43484892505749,-4.442971990890356,-29.691515209666136,11.273898051833825,-117.25466297628103
37.00961894323342,46.25,-6.4951905283832865,-6.929254667617059,16.581006255672236,-108.06248192596729
38.509333353215325,45.17909292735095,-8.35005598839629,13.644056653721279,23.783800092240362,-95.58687704458734
40.35818585470191,44.25466667660766,-9.951209222534075,31.403309100447743,32.66342631560362,-80.20691327350123
42.49999999999999,43.50480947161671,-11.249999999999996,45.80889677358395,42.950081976272735,-62.38990302925634
44.86969785011496,42.95230534410569,-12.206965220240603,56.4231131812608,54.33121224729729,-42.677207152281674
47.395277334996045,42.61394185240844,-12.793027979286649,62.92345072898367,66.461007244522,-21.66778593169369
50.0,42.5,-12.99038105676658,65.11239994969448,78.97090928492852,-2.0066123234495197e-14
52.60472266500395,42.61394185240844,-12.793027979286649,62.92345072898367,91.48081132533505,21.66778593169365
55.130302149885026,42.95230534410568,-12.206965220240608,56.42311318126086,103.61060632255972,42.67720715228154
57.5,43.50480947161671,-11.25,45.808896773583996,114.9917365935843,62.389903029256274
59.64181414529809,44.25466667660766,-9.951209222534077,31.40330910044777,125.27839225425345,80.20691327350121
61.49066664678467,45.17909292735095,-8.350055988396296,13.644056653721307,134.15801847761668,95.58687704458727
62.99038105676658,46.24999999999999,-6.495190528383296,-6.929254667616959,141.36081231418478,108.06248192596722
64.09538931178862,47.43484892505748,-4.442971990890367,-29.691515209666022,146.6679205180232,117.25466297628097
64.77211629518312,48.69763866749802,-2.25575599770653,-53.95110520411545,149.91808929188466,122.88412042578281
66.25,50.0,0.0,-78.97090928492854,149.8174156759367,122.70974860797928
66.03956676786609,51.3033416569693,2.257453969491838,-101.70006695388676,148.89997202515173,121.1206895917382
65.41371718164112,52.572927449636964,4.456441066959835,-123.84055137829603,146.1714023814411,116.39466833684136
64.38866041686467,53.77587577285562,6.540008681654333,-144.81893564142538,141.70237526532537,108.65408631132584
62.99094490530689,54.88103089693358,8.454193506802445,-164.09189061029787,135.6086361316399,98.09942052371188
61.25677074453099,55.859769884668495,10.149419160907849,-181.16025687483707,128.0480096230534,85.00403127378793
59.23105213438129,56.68674391038596,11.581780189990269,-195.58197271439155,119.21631199472381,69.70708226443557
56.96625412279963,57.34053478120936,12.714179195781096,-206.9835232640956,109.34227957614767,52.6047564398795
54.521033788642356,57.804209657004904,13.517287638852167,-215.06961435367072,98.6816446203756,34.13999505553746
51.958721054149,58.06575960204669,13.97030543238139,-219.63082047132508,87.5105119729882,14.791025732171093
49.34567847322201,58.118410610144004,14.061499653475662,-220.5490087745028,76.11820810162692,-4.941023388290252
46.74958247613928,57.96079904784342,13.788508419710753,-217.80039866845368,64.79978769245817,-24.545102598395047
44.2376705855588,57.597006971819,13.158402060645482,-211.45617771114587,53.84839188878682,-43.513476544150414
41.875,57.03645640574857,12.1875,-201.68065789290785,43.54765608942447,-61.35487430398962
39.72276264657512,56.2936653148497,10.900948091153644,-188.72702004218763,34.164363940847096,-77.60721304758776
37.836700342219615,55.387871598206466,9.332067352750922,-172.9307565750862,25.941537780886335,-91.84956573844627
36.26566110991334,54.34253483728838,7.52149097182133,-154.700982418006,19.09214448783336,-103.71306292303554
35.05033404054411,53.18472870511311,5.516111925578947,-134.50983914595577,13.79357975015752,-112.89044625588295
34.222195466826655,51.94443977233641,3.367868477944322,-112.88026676376222,10.183073611356676,-119.14402632932534
33.80269374281909,50.6537908708234,1.1323990057908286,-90.3724598346326,8.35413628391413,-122.31183870431506
33.80269374281909,49.34620912917661,-1.1323990057908186,-67.56935873522457,8.35413628391413,-122.31183870431506
34.222195466826655,48.0555602276636,-3.3678684779443127,-45.06155180609494,10.183073611356662,-119.14402632932537
35.05033404054411,46.81527129488689,-5.516111925578945,-23.431979423901346,13.79357975015752,-112.89044625588295
36.26566110991333,45.65746516271162,-7.521490971821322,-3.2408361518511697,19.092144487833316,-103.71306292303561
37.8367003422196,44.61212840179354,-9.332067352750915,14.988938005229045,25.9415377808863,-91.84956573844634
39.72276264657511,43.70633468515031,-10.900948091153637,30.785201472330513,34.164363940847046,-77.60721304758785
41.87499999999999,42.96354359425143,-12.187499999999996,43.73883932305071,43.547656089424414,-61.35487430398972
44.23767058555879,42.402993028181,-13.15840206064548,53.51435914128878,53.84839188878679,-43.51347654415047
46.749582476139274,42.03920095215658,-13.788508419710753,59.85858009859659,64.79978769245815,-24.545102598395076
49.345678473222,41.881589389855996,-14.061499653475662,62.60719020464573,76.1182081016269,-4.941023388290279
51.95872105414899,41.93424039795331,-13.970305432381394,61.689001901468046,87.51051197298814,14.791025732170983
54.52103378864235,42.195790342995096,-13.517287638852169,57.12779578381368,98.68164462037555,34.13999505553738
56.966254122799626,42.65946521879064,-12.7141791957811,49.04170469423856,109.34227957614766,52.60475643987946
59.23105213438128,43.313256089614036,-11.581780189990273,37.640154144534534,119.21631199472378,69.70708226443551
61.25677074453099,44.140230115331505,-10.14941916090785,23.218438304980026,128.04800962305336,85.0040312737879
62.99094490530688,45.11896910306641,-8.454193506802456,6.150072040440918,135.60863613163988,98.09942052371183
64.38866041686465,46.22412422714437,-6.540008681654343,-13.122882928431594,141.70237526532534,108.6540863113258
65.41371718164112,47.42707255036303,-4.456441066959843,-34.101267191560964,146.1714023814411,116.39466833684133
66.03956676786609,48.69665834303069,-2.257453969491843,-56.24175161597026,148.89997202515173,121.1206895917382
67.5,50.0,0.0,-78.97090928492854,148.5697598501498,120.54874532735708
67.30453945893976,51.304119829041525,2.258801803057962,-99.71725010792353,147.79239819365554,119.20231544245311
66.72252410125746,52.57910777609541,4.46714570639323,-120.00015195922904,145.47767819902737,115.19310280646152
65.76695518829234,53.796482717278636,6.575700956383742,-139.3665283279733,141.6773068859856,108.61066660464596
64.45917855052991,54.92905050805669,8.53736591302738,-157.38376636805214,136.47617826973905,99.60204758460654
62.828407757021964,55.95151145549555,10.308320222746483,-173.64939075423985,129.99047696896835,88.36848340895614
60.91107153252784,56.84102547159526,11.849003692675831,-187.80005431588415,122.36508283343395,75.1609133384728
58.75,57.57772228311384,13.125,-199.51965461228565,113.77033456753917,60.27437266367853
56.393467926411915,58.14514530063679,14.107805495733793,-208.54639513887918,104.39822464515012,44.0414021039803
53.8941163442355,58.53061923159096,14.77546592913971,-214.6786334285403,94.45811051498754,26.824619397505398
51.30777663776242,58.725533225335326,15.11306686941112,-217.77938541109688,84.17203790117507,9.008619020039408
48.69222336223758,58.725533225335326,15.11306686941112,-217.77938541109688,73.76978066868199,-9.008619020039419
46.1058836557645,58.53061923159096,14.77546592913971,-214.6786334285403,63.483708054869545,-26.82461939750538
43.606532073588085,58.14514530063679,14.107805495733793,-208.54639513887918,53.54359392470694,-44.041402103980325
41.25,57.577722283113836,13.124999999999996,-199.5196546122856,44.17148400231789,-60.27437266367856
39.088928467472165,56.841025471595266,11.849003692675831,-187.80005431588415,35.57673573642313,-75.16091333847278
37.171592242978036,55.95151145549555,10.308320222746481,-173.64939075423982,27.951341600888718,-88.36848340895614
35.54082144947009,54.92905050805669,8.537365913027376,-157.38376636805208,21.465640300118018,-99.60204758460654
34.23304481170767,53.796482717278636,6.575700956383744,-139.3665283279733,16.26451168387149,-108.61066660464594
33.27747589874254,52.57910777609541,4.46714570639323,-120.00015195922904,12.464140370829739,-115.1931028064615
32.69546054106025,51.304119829041525,2.2588018030579593,-99.7172501079235,10.149420376201533,-119.20231544245311
32.5,50.0,1.856006667768587e-15,-78.97090928492855,9.372058719707269,-120.54874532735708
32.69546054106025,48.695880170958475,-2.258801803057962,-58.22456846193354,10.149420376201533,-119.20231544245311
33.27747589874254,47.42089222390459,-4.467145706393231,-37.94166661062801,12.464140370829739,-115.1931028064615
34.233044811707664,46.203517282721364,-6.5757009563837405,-18.575290241883813,16.26451168387149,-108.61066660464594
35.54082144947009,45.07094949194331,-8.53736591302738,-0.558052201804955,21.465640300118018,-99.60204758460654
37.17159224297804,44.04848854450445,-10.308320222746483,15.707572184382755,27.951341600888718,-88.36848340895614
39.08892846747216,43.15897452840474,-11.84900369267583,29.858235746027063,35.57673573642311,-75.16091333847282
41.25000000000001,42.42227771688616,-13.125000000000002,41.57783604242857,44.17148400231792,-60.27437266367851
43.60653207358809,41.85485469936321,-14.107805495733793,50.604576569022086,53.543593924706954,-44.04140210398029
46.105883655764494,41.46938076840904,-14.77546592913971,56.736814858683246,63.48370805486953,-26.82461939750541
48.692223362237584,41.274466774664674,-15.11306686941112,59.83756684123979,73.76978066868203,-9.008619020039367
51.30777663776243,41.274466774664674,-15.11306686941112,59.83756684123979,84.17203790117509,9.008619020039434
53.8941163442355,41.46938076840904,-14.77546592913971,56.736814858683246,94.45811051498752,26.82461939750537
56.393467926411915,41.854854699363216,-14.10780549573379,50.60457656902206,104.39822464515015,44.04140210398036
58.75,42.42227771688616,-13.124999999999998,41.577836042428544,113.77033456753918,60.274372663678555
60.911071532527835,43.158974528404734,-11.849003692675831,29.85823574602709,122.36508283343395,75.16091333847278
62.828407757021964,44.04848854450446,-10.308320222746477,15.707572184382713,129.99047696896838,88.36848340895617
64.45917855052991,45.07094949194331,-8.537365913027378,-0.5580522018049692,136.47617826973905,99.60204758460654
65.76695518829233,46.203517282721364,-6.575700956383746,-18.575290241883764,141.6773068859856,108.61066660464594
66.72252410125746,47.42089222390459,-4.467145706393223,-37.94166661062808,145.47767819902737,115.19310280646152
67.30453945893976,48.695880170958475,-2.258801803057961,-58.22456846193356,147.79239819365554,119.20231544245311
